{"cameraMode":{"drawMode":0,"name":"Shaded","section":"Shading Mode"},"sceneLighting":false,"audioPlay":false,"sceneViewState":{"showFog":false,"showMaterialUpdate":false,"showSkybox":false,"showFlares":false,"showImageEffects":false,"showParticleSystems":false},"in2DMode":false,"pivot":{"x":0.22229433059692384,"y":0.42509835958480837,"z":-0.19528177380561829},"rotation":{"x":0.17048820853233338,"y":0.7032824754714966,"z":-0.17995242774486543,"w":0.6662951111793518},"size":2.0830464363098146,"orthographic":false}